Bin Start,Accumulated Count
-inf ms,0
4.183808ms,1
4.197385557725445ms,1
4.21096311545089ms,1
4.224540673176335ms,3
4.23811823090178ms,3
4.2516957886272255ms,4
4.265273346352671ms,6
4.278850904078116ms,13
4.292428461803561ms,21
4.306006019529006ms,30
4.319583577254451ms,53
4.333161134979896ms,78
4.346738692705342ms,106
4.360316250430787ms,148
4.373893808156232ms,202
4.3874713658816775ms,279
4.401048923607123ms,392
4.414626481332568ms,516
4.428204039058013ms,674
4.441781596783458ms,871
4.455359154508903ms,1138
4.468936712234348ms,1439
4.482514269959793ms,1836
4.496091827685238ms,2339
4.5096693854106835ms,2923
4.523246943136129ms,3594
4.536824500861574ms,4412
4.550402058587019ms,5327
4.563979616312464ms,6394
4.577557174037909ms,7617
4.591134731763354ms,8932
4.604712289488799ms,10422
4.618289847214244ms,12180
4.6318674049396895ms,14119
4.645444962665135ms,16195
4.65902252039058ms,18498
4.672600078116025ms,20841
4.686177635841471ms,23511
4.699755193566915ms,26359
4.713332751292361ms,29260
4.726910309017806ms,32209
4.740487866743251ms,35334
4.754065424468696ms,38533
4.7676429821941415ms,41724
4.781220539919587ms,45030
4.794798097645032ms,48294
4.808375655370477ms,51513
4.821953213095922ms,54889
4.835530770821367ms,58366
4.849108328546812ms,61771
4.862685886272257ms,65278
4.876263443997702ms,68678
4.8898410017231475ms,72254
4.903418559448593ms,75971
4.916996117174038ms,79717
4.930573674899483ms,83600
4.944151232624928ms,87772
4.957728790350373ms,92204
4.971306348075818ms,96976
4.984883905801263ms,102210
4.998461463526709ms,107907
5.0120390212521535ms,114006
5.0256165789775995ms,120451
5.039194136703045ms,127300
5.05277169442849ms,134764
5.066349252153935ms,142618
5.07992680987938ms,150908
5.093504367604825ms,159557
5.10708192533027ms,168672
5.120659483055715ms,178041
5.13423704078116ms,187709
5.1478145985066055ms,197536
5.161392156232051ms,207692
5.174969713957496ms,217882
5.188547271682941ms,227992
5.202124829408386ms,238173
5.215702387133831ms,248490
5.229279944859276ms,258643
5.242857502584721ms,268584
5.256435060310166ms,278194
5.2700126180356115ms,288080
5.283590175761057ms,297624
5.297167733486502ms,306832
5.310745291211948ms,315924
5.324322848937392ms,324854
5.337900406662838ms,333638
5.351477964388282ms,342209
5.365055522113728ms,350667
5.378633079839172ms,358795
5.392210637564618ms,367040
5.4057881952900635ms,375360
5.419365753015509ms,383605
5.432943310740954ms,391958
5.446520868466399ms,400320
5.460098426191844ms,409012
5.473675983917289ms,417901
5.487253541642734ms,426953
5.500831099368179ms,436193
5.514408657093624ms,445613
5.5279862148190695ms,455590
5.541563772544515ms,465870
5.55514133026996ms,476399
5.568718887995405ms,487152
5.58229644572085ms,498303
5.595874003446295ms,509662
5.60945156117174ms,521299
5.623029118897185ms,532849
5.63660667662263ms,545095
5.650184234348076ms,557316
5.663761792073521ms,569754
5.677339349798967ms,581854
5.690916907524411ms,594145
5.704494465249857ms,606411
5.718072022975302ms,618195
5.731649580700747ms,629658
5.745227138426192ms,641035
5.758804696151637ms,652223
5.772382253877082ms,663424
5.7859598116025275ms,674234
5.799537369327973ms,684612
5.813114927053418ms,694717
5.826692484778863ms,704517
5.840270042504308ms,713952
5.853847600229753ms,723013
5.867425157955198ms,731513
5.881002715680643ms,740074
5.894580273406088ms,748347
5.9081578311315335ms,756370
5.921735388856979ms,764106
5.935312946582424ms,771717
5.948890504307869ms,778894
5.962468062033314ms,785831
5.976045619758759ms,792481
5.989623177484205ms,799075
6.003200735209649ms,805235
6.016778292935095ms,811294
6.0303558506605395ms,817208
6.0439334083859855ms,822849
6.057510966111431ms,828393
6.071088523836876ms,833807
6.084666081562321ms,839200
6.098243639287766ms,844457
6.111821197013211ms,849787
6.125398754738656ms,855153
6.138976312464101ms,860520
6.152553870189546ms,865916
6.1661314279149915ms,871307
6.179708985640437ms,876574
6.193286543365882ms,881929
6.206864101091327ms,887168
6.220441658816772ms,892541
6.234019216542217ms,897769
6.247596774267662ms,902957
6.261174331993107ms,908148
6.274751889718553ms,913293
6.2883294474439975ms,918175
6.3019070051694435ms,922912
6.315484562894888ms,927635
6.329062120620334ms,932193
6.342639678345778ms,936586
6.356217236071224ms,940765
6.369794793796668ms,944763
6.383372351522114ms,948408
6.396949909247558ms,951882
6.410527466973004ms,955022
6.4241050246984495ms,958024
6.437682582423895ms,960763
6.45126014014934ms,963211
6.464837697874785ms,965473
6.47841525560023ms,967403
6.491992813325675ms,969179
6.50557037105112ms,970788
6.519147928776565ms,972184
6.53272548650201ms,973474
6.5463030442274555ms,974647
6.559880601952901ms,975739
6.573458159678346ms,976742
6.587035717403792ms,977630
6.600613275129236ms,978471
6.614190832854682ms,979253
6.627768390580126ms,979946
6.641345948305572ms,980647
6.654923506031016ms,981288
6.668501063756462ms,981934
6.682078621481907ms,982555
6.695656179207353ms,983121
6.709233736932797ms,983680
6.722811294658243ms,984300
6.736388852383687ms,984856
6.749966410109133ms,985457
6.763543967834578ms,986017
6.777121525560023ms,986580
6.790699083285468ms,987099
6.8042766410109135ms,987672
6.817854198736359ms,988180
6.831431756461804ms,988654
6.845009314187249ms,989126
6.858586871912694ms,989570
6.872164429638139ms,990028
6.885741987363584ms,990463
6.899319545089029ms,990849
6.912897102814474ms,991251
6.92647466053992ms,991642
6.940052218265365ms,992043
6.953629775990811ms,992393
6.967207333716255ms,992736
6.980784891441701ms,993130
6.994362449167145ms,993534
7.007940006892591ms,993925
7.021517564618035ms,994337
7.035095122343481ms,994751
7.0486726800689254ms,995195
7.062250237794371ms,995570
7.075827795519816ms,995968
7.089405353245262ms,996330
7.102982910970707ms,996657
7.116560468696152ms,996951
7.130138026421597ms,997241
7.143715584147042ms,997464
7.157293141872487ms,997687
7.170870699597932ms,997849
7.184448257323377ms,997969
7.1980258150488226ms,998072
7.211603372774268ms,998145
7.225180930499713ms,998205
7.238758488225158ms,998259
7.252336045950603ms,998287
7.265913603676049ms,998312
7.279491161401493ms,998330
7.293068719126939ms,998347
7.306646276852383ms,998362
7.320223834577829ms,998371
7.333801392303274ms,998379
7.34737895002872ms,998385
7.360956507754164ms,998390
7.37453406547961ms,998396
7.388111623205054ms,998400
7.4016891809305ms,998402
7.415266738655945ms,998407
7.42884429638139ms,998411
7.442421854106835ms,998415
7.4559994118322805ms,998421
7.469576969557726ms,998428
7.483154527283171ms,998432
7.496732085008616ms,998436
7.510309642734061ms,998439
7.523887200459506ms,998444
7.537464758184951ms,998448
7.551042315910396ms,998454
7.564619873635841ms,998457
7.578197431361287ms,998458
7.591774989086732ms,998469
7.605352546812178ms,998475
7.618930104537622ms,998479
7.632507662263068ms,998485
7.646085219988512ms,998491
7.659662777713958ms,998501
7.673240335439402ms,998507
7.686817893164848ms,998512
7.7003954508902925ms,998518
7.7139730086157385ms,998520
7.727550566341183ms,998523
7.741128124066629ms,998527
7.754705681792074ms,998531
7.768283239517519ms,998537
7.781860797242964ms,998539
7.795438354968409ms,998542
7.809015912693854ms,998544
7.822593470419299ms,998549
7.8361710281447445ms,998555
7.84974858587019ms,998565
7.863326143595635ms,998570
7.87690370132108ms,998571
7.890481259046525ms,998576
7.90405881677197ms,998577
7.917636374497416ms,998581
7.93121393222286ms,998582
7.944791489948306ms,998584
7.9583690476737505ms,998588
7.9719466053991965ms,998592
7.985524163124641ms,998595
7.999101720850087ms,998601
8.012679278575531ms,998607
8.026256836300977ms,998610
8.039834394026421ms,998613
8.053411951751867ms,998618
8.066989509477311ms,998623
8.080567067202757ms,998626
8.094144624928202ms,998626
8.107722182653648ms,998631
8.121299740379094ms,998634
8.134877298104538ms,998638
8.148454855829982ms,998640
8.162032413555428ms,998642
8.175609971280874ms,998643
8.189187529006318ms,998645
8.202765086731763ms,998649
8.216342644457209ms,998653
8.229920202182655ms,998659
8.243497759908099ms,998661
8.257075317633543ms,998663
8.270652875358989ms,998664
8.284230433084435ms,998667
8.29780799080988ms,998668
8.311385548535323ms,998669
8.324963106260771ms,998669
8.338540663986215ms,998670
8.35211822171166ms,998673
8.365695779437106ms,998675
8.379273337162552ms,998680
8.392850894887996ms,998686
8.40642845261344ms,998690
8.420006010338886ms,998694
8.433583568064332ms,998696
8.447161125789776ms,998700
8.46073868351522ms,998701
8.474316241240667ms,998705
8.487893798966113ms,998709
8.501471356691557ms,998714
8.515048914417001ms,998717
8.528626472142447ms,998719
8.542204029867893ms,998722
8.555781587593337ms,998724
8.569359145318781ms,998725
8.582936703044227ms,998728
8.596514260769673ms,998734
8.610091818495118ms,998736
8.623669376220562ms,998742
8.637246933946008ms,998743
8.650824491671454ms,998748
8.664402049396898ms,998749
8.677979607122344ms,998755
8.69155716484779ms,998758
8.705134722573234ms,998761
8.718712280298679ms,998761
8.732289838024125ms,998762
8.74586739574957ms,998765
8.759444953475015ms,998766
8.773022511200459ms,998766
8.786600068925905ms,998767
8.800177626651351ms,998769
8.813755184376795ms,998771
8.82733274210224ms,998773
8.840910299827685ms,998774
8.854487857553131ms,998776
8.868065415278576ms,998779
8.88164297300402ms,998782
8.895220530729466ms,998784
8.908798088454912ms,998786
8.922375646180356ms,998788
8.9359532039058ms,998793
8.949530761631246ms,998794
8.963108319356692ms,998796
8.976685877082136ms,998797
8.990263434807582ms,998800
9.003840992533028ms,998803
9.017418550258473ms,998805
9.030996107983917ms,998805
9.044573665709363ms,998806
9.058151223434809ms,998808
9.071728781160253ms,998809
9.085306338885697ms,998812
9.098883896611143ms,998812
9.11246145433659ms,998813
9.126039012062034ms,998813
9.139616569787478ms,998817
9.153194127512924ms,998817
9.16677168523837ms,998819
9.180349242963814ms,998820
9.193926800689258ms,998821
9.207504358414704ms,998821
9.22108191614015ms,998824
9.234659473865594ms,998825
9.248237031591039ms,998827
9.261814589316485ms,998830
9.27539214704193ms,998830
9.288969704767375ms,998830
9.30254726249282ms,998830
9.316124820218267ms,998830
9.329702377943711ms,998830
9.343279935669155ms,998830
9.356857493394601ms,998832
9.370435051120047ms,998832
9.384012608845492ms,998833
9.397590166570936ms,998837
9.411167724296382ms,998837
9.424745282021828ms,998837
9.438322839747272ms,998839
9.451900397472716ms,998841
9.465477955198162ms,998843
9.479055512923608ms,998844
9.492633070649052ms,998845
9.506210628374497ms,998846
9.519788186099943ms,998848
9.533365743825389ms,998851
9.546943301550833ms,998852
9.560520859276277ms,998852
9.574098417001723ms,998854
9.58767597472717ms,998855
9.601253532452613ms,998857
9.614831090178058ms,998858
9.628408647903504ms,998858
9.64198620562895ms,998860
9.655563763354394ms,998861
9.66914132107984ms,998862
9.682718878805286ms,998862
9.69629643653073ms,998862
9.709873994256174ms,998862
9.72345155198162ms,998862
9.737029109707066ms,998865
9.75060666743251ms,998865
9.764184225157955ms,998869
9.7777617828834ms,998870
9.791339340608847ms,998870
9.804916898334291ms,998872
9.818494456059735ms,998874
9.832072013785181ms,998875
9.845649571510627ms,998876
9.859227129236071ms,998878
9.872804686961516ms,998880
9.886382244686962ms,998884
9.899959802412408ms,998884
9.913537360137852ms,998884
9.927114917863296ms,998885
9.940692475588742ms,998886
9.954270033314188ms,998887
9.967847591039632ms,998888
9.981425148765078ms,998889
9.995002706490524ms,998889
10.008580264215968ms,998889
10.022157821941413ms,998890
10.035735379666859ms,998890
10.049312937392305ms,998890
10.062890495117749ms,998891
10.076468052843193ms,998892
10.09004561056864ms,998893
10.103623168294085ms,998893
10.11720072601953ms,998893
10.130778283744974ms,998894
10.14435584147042ms,998896
10.157933399195866ms,998896
10.17151095692131ms,998898
10.185088514646754ms,998899
10.1986660723722ms,998900
10.212243630097646ms,998901
10.22582118782309ms,998902
10.239398745548534ms,998902
10.25297630327398ms,998902
10.266553860999426ms,998904
10.28013141872487ms,998904
10.293708976450315ms,998905
10.307286534175761ms,998905
10.320864091901207ms,998906
10.334441649626651ms,998907
10.348019207352097ms,998907
10.361596765077543ms,998907
10.375174322802987ms,998909
10.388751880528432ms,998909
10.402329438253878ms,998909
10.415906995979324ms,998909
10.429484553704768ms,998909
10.443062111430212ms,998910
10.456639669155658ms,998911
10.470217226881104ms,998913
10.483794784606548ms,998913
10.497372342331992ms,998915
10.510949900057438ms,998915
10.524527457782884ms,998916
10.538105015508329ms,998918
10.551682573233773ms,998918
10.565260130959219ms,998918
10.578837688684665ms,998919
10.59241524641011ms,998919
10.605992804135553ms,998922
10.619570361861ms,998923
10.633147919586445ms,998924
10.64672547731189ms,998925
10.660303035037336ms,998926
10.673880592762782ms,998926
10.687458150488226ms,998927
10.70103570821367ms,998927
10.714613265939116ms,998927
10.728190823664562ms,998927
10.741768381390006ms,998927
10.75534593911545ms,998928
10.768923496840896ms,998928
10.782501054566342ms,998928
10.796078612291787ms,998929
10.809656170017231ms,998929
10.823233727742677ms,998930
10.836811285468123ms,998931
10.850388843193567ms,998931
10.863966400919011ms,998931
10.877543958644457ms,998931
10.891121516369903ms,998932
10.904699074095348ms,998932
10.918276631820792ms,998933
10.931854189546238ms,998933
10.945431747271684ms,998933
10.959009304997128ms,998934
10.972586862722574ms,998934
10.98616442044802ms,998935
10.999741978173464ms,998936
11.013319535898908ms,998936
11.026897093624354ms,998936
11.0404746513498ms,998936
11.054052209075245ms,998936
11.067629766800689ms,998936
11.081207324526135ms,998936
11.09478488225158ms,998936
11.108362439977025ms,998936
11.12193999770247ms,998936
11.135517555427915ms,998936
11.149095113153361ms,998936
11.162672670878806ms,998936
11.17625022860425ms,998936
11.189827786329696ms,998938
11.203405344055142ms,998938
11.216982901780586ms,998939
11.23056045950603ms,998939
11.244138017231476ms,998940
11.257715574956922ms,998940
11.271293132682366ms,998941
11.28487069040781ms,998941
11.298448248133257ms,998941
11.312025805858703ms,998942
11.325603363584147ms,998942
11.339180921309593ms,998942
11.352758479035039ms,998942
11.366336036760483ms,998943
11.379913594485927ms,998943
11.393491152211373ms,998943
11.40706870993682ms,998943
11.420646267662264ms,998943
11.434223825387708ms,998943
11.447801383113154ms,998943
11.4613789408386ms,998943
11.474956498564044ms,998943
11.488534056289488ms,998943
11.502111614014934ms,998943
11.51568917174038ms,998944
11.529266729465824ms,998944
11.542844287191269ms,998944
11.556421844916715ms,998944
11.56999940264216ms,998944
11.583576960367605ms,998944
11.597154518093049ms,998944
11.610732075818495ms,998944
11.624309633543941ms,998944
11.637887191269385ms,998944
11.651464748994831ms,998944
11.665042306720277ms,998944
11.678619864445722ms,998944
11.692197422171166ms,998944
11.705774979896612ms,998944
11.719352537622058ms,998944
11.732930095347502ms,998944
11.746507653072946ms,998944
11.760085210798392ms,998944
11.773662768523838ms,998944
11.787240326249282ms,998944
11.800817883974727ms,998944
11.814395441700173ms,998944
11.827972999425619ms,998944
11.841550557151063ms,998944
11.855128114876507ms,998944
11.868705672601953ms,998944
11.882283230327399ms,998944
11.895860788052843ms,998944
11.909438345778288ms,998944
11.923015903503734ms,998944
11.93659346122918ms,998944
11.950171018954624ms,998944
11.96374857668007ms,998945
11.977326134405516ms,998945
11.99090369213096ms,998945
12.004481249856404ms,998945
12.01805880758185ms,998945
12.031636365307296ms,998945
12.04521392303274ms,998945
12.058791480758185ms,998945
12.07236903848363ms,998945
12.085946596209077ms,998945
12.09952415393452ms,998945
12.113101711659965ms,998945
12.126679269385411ms,998946
12.140256827110857ms,998946
12.153834384836301ms,998947
12.167411942561746ms,998947
12.180989500287192ms,998947
12.194567058012638ms,998947
12.208144615738082ms,998947
12.221722173463526ms,998947
12.235299731188974ms,998947
12.248877288914418ms,998947
12.262454846639862ms,998947
12.276032404365306ms,998947
12.289609962090754ms,998947
12.303187519816198ms,998947
12.316765077541643ms,998947
12.330342635267087ms,998947
12.343920192992535ms,998947
12.357497750717979ms,998947
12.371075308443423ms,998947
12.384652866168867ms,998947
12.398230423894315ms,998947
12.41180798161976ms,998947
12.425385539345204ms,998948
12.438963097070648ms,998949
12.452540654796096ms,998949
12.46611821252154ms,998949
12.479695770246984ms,998949
12.493273327972432ms,998949
12.506850885697876ms,998950
12.52042844342332ms,998950
12.534006001148764ms,998951
12.547583558874212ms,998951
12.561161116599656ms,998951
12.5747386743251ms,998951
12.588316232050545ms,998951
12.601893789775993ms,998951
12.615471347501437ms,998951
12.629048905226881ms,998952
12.642626462952325ms,998952
12.656204020677773ms,998952
12.669781578403217ms,998952
12.683359136128662ms,998952
12.696936693854106ms,998952
12.710514251579554ms,998953
12.724091809304998ms,998953
12.737669367030442ms,998953
12.751246924755886ms,998953
12.764824482481334ms,998953
12.778402040206778ms,998953
12.791979597932222ms,998953
12.80555715565767ms,998954
12.819134713383114ms,998954
12.832712271108559ms,998955
12.846289828834003ms,998955
12.85986738655945ms,998955
12.873444944284895ms,998955
12.887022502010339ms,998956
12.900600059735783ms,998957
12.914177617461231ms,998958
12.927755175186675ms,998958
12.94133273291212ms,998959
12.954910290637564ms,998960
12.968487848363011ms,998960
12.982065406088456ms,998960
12.9956429638139ms,998960
13.009220521539344ms,998960
13.022798079264792ms,998960
13.036375636990236ms,998960
13.04995319471568ms,998961
13.063530752441125ms,998961
13.077108310166572ms,998961
13.090685867892017ms,998962
13.10426342561746ms,998963
13.117840983342905ms,998963
13.131418541068353ms,998963
13.144996098793797ms,998963
13.158573656519241ms,998963
13.172151214244689ms,998963
13.185728771970133ms,998964
13.199306329695577ms,998964
13.212883887421022ms,998964
13.22646144514647ms,998964
13.240039002871914ms,998964
13.253616560597358ms,998964
13.267194118322802ms,998964
13.28077167604825ms,998964
13.294349233773694ms,998964
13.307926791499138ms,998964
13.321504349224583ms,998964
13.33508190695003ms,998965
13.348659464675475ms,998966
13.362237022400919ms,998967
13.375814580126363ms,998967
13.38939213785181ms,998968
13.402969695577255ms,998968
13.4165472533027ms,998968
13.430124811028143ms,998968
13.443702368753591ms,998968
13.457279926479035ms,998968
13.47085748420448ms,998969
13.484435041929927ms,998969
13.498012599655372ms,998969
13.511590157380816ms,998970
13.52516771510626ms,998971
13.538745272831708ms,998971
13.552322830557152ms,998971
13.565900388282596ms,998971
13.57947794600804ms,998971
13.593055503733488ms,998971
13.606633061458933ms,998971
13.620210619184377ms,998971
13.633788176909821ms,998971
13.647365734635269ms,998971
13.660943292360713ms,998971
13.674520850086157ms,998971
13.688098407811601ms,998972
13.70167596553705ms,998972
13.715253523262493ms,998972
13.728831080987938ms,998972
13.742408638713382ms,998972
13.75598619643883ms,998972
13.769563754164274ms,998972
13.783141311889718ms,998973
13.796718869615166ms,998973
13.81029642734061ms,998973
13.823873985066054ms,998973
13.837451542791499ms,998973
13.851029100516946ms,998973
13.86460665824239ms,998974
13.878184215967835ms,998974
13.891761773693279ms,998974
13.905339331418727ms,998974
13.918916889144171ms,998974
13.932494446869615ms,998974
13.94607200459506ms,998974
13.959649562320507ms,998974
13.973227120045951ms,998974
13.986804677771396ms,998974
14.00038223549684ms,998974
14.013959793222288ms,998974
14.027537350947732ms,998975
14.041114908673176ms,998975
14.05469246639862ms,998975
14.068270024124068ms,998975
14.081847581849512ms,998975
14.095425139574957ms,998975
14.1090026973004ms,998975
14.122580255025849ms,998975
14.136157812751293ms,998975
14.149735370476737ms,998975
14.163312928202185ms,998975
14.176890485927629ms,998975
14.190468043653073ms,998976
14.204045601378517ms,998976
14.217623159103965ms,998976
14.23120071682941ms,998977
14.244778274554854ms,998977
14.258355832280298ms,998977
14.271933390005746ms,998977
14.28551094773119ms,998977
14.299088505456634ms,998977
14.312666063182078ms,998977
14.326243620907526ms,998977
14.33982117863297ms,998977
14.353398736358415ms,998977
14.366976294083859ms,998977
14.380553851809307ms,998977
14.39413140953475ms,998977
14.407708967260195ms,998977
14.42128652498564ms,998977
14.434864082711087ms,998977
14.448441640436531ms,998977
14.462019198161975ms,998977
14.475596755887423ms,998977
14.489174313612867ms,998977
14.502751871338312ms,998977
14.516329429063756ms,998977
14.529906986789204ms,998977
14.543484544514648ms,998977
14.557062102240092ms,998977
14.570639659965536ms,998977
14.584217217690984ms,998977
14.597794775416428ms,998977
14.611372333141873ms,998977
14.624949890867317ms,998977
14.638527448592765ms,998977
14.652105006318209ms,998977
14.665682564043653ms,998977
14.679260121769097ms,998977
14.692837679494545ms,998977
14.70641523721999ms,998977
14.719992794945433ms,998977
14.733570352670878ms,998977
14.747147910396325ms,998977
14.76072546812177ms,998977
14.774303025847214ms,998977
14.787880583572662ms,998977
14.801458141298106ms,998977
14.81503569902355ms,998977
14.828613256748994ms,998977
14.842190814474442ms,998977
14.855768372199886ms,998977
14.86934592992533ms,998977
14.882923487650775ms,998977
14.896501045376223ms,998978
14.910078603101667ms,998978
14.923656160827111ms,998978
14.937233718552555ms,998978
14.950811276278003ms,998978
14.964388834003447ms,998978
14.977966391728891ms,998978
14.991543949454336ms,998978
15.005121507179783ms,998978
15.018699064905228ms,998978
15.032276622630672ms,998978
15.045854180356116ms,998978
15.059431738081564ms,998978
15.073009295807008ms,998978
15.086586853532452ms,998978
15.100164411257897ms,998978
15.113741968983344ms,998978
15.127319526708789ms,998978
15.140897084434233ms,998979
15.15447464215968ms,998979
15.168052199885125ms,998979
15.181629757610569ms,998979
15.195207315336013ms,998979
15.208784873061461ms,998980
15.222362430786905ms,998980
15.23593998851235ms,998980
15.249517546237794ms,998980
15.263095103963241ms,998980
15.276672661688686ms,998980
15.29025021941413ms,998980
15.303827777139574ms,998980
15.317405334865022ms,998980
15.330982892590466ms,998980
15.34456045031591ms,998980
15.358138008041355ms,998981
15.371715565766802ms,998981
15.385293123492247ms,998981
15.39887068121769ms,998981
15.412448238943135ms,998981
15.426025796668583ms,998981
15.439603354394027ms,998981
15.453180912119471ms,998982
15.466758469844919ms,998982
15.480336027570363ms,998982
15.493913585295807ms,998982
15.507491143021252ms,998982
15.5210687007467ms,998982
15.534646258472144ms,998982
15.548223816197588ms,998982
15.561801373923032ms,998982
15.57537893164848ms,998982
15.588956489373924ms,998982
15.602534047099368ms,998983
15.616111604824813ms,998983
15.62968916255026ms,998983
15.643266720275705ms,998983
15.656844278001149ms,998983
15.670421835726593ms,998983
15.68399939345204ms,998984
15.697576951177485ms,998984
15.71115450890293ms,998984
15.724732066628373ms,998984
15.738309624353821ms,998985
15.751887182079265ms,998987
15.76546473980471ms,998988
15.779042297530157ms,998988
15.792619855255602ms,998988
15.806197412981046ms,998988
15.81977497070649ms,998988
15.833352528431938ms,998989
15.846930086157382ms,998989
15.860507643882826ms,998989
15.87408520160827ms,998989
15.887662759333718ms,998989
15.901240317059163ms,998989
15.914817874784607ms,998989
15.928395432510051ms,998989
15.941972990235499ms,998989
15.955550547960943ms,998990
15.969128105686387ms,998990
15.982705663411831ms,998990
15.99628322113728ms,998990
16.009860778862723ms,998990
16.023438336588168ms,998990
16.037015894313612ms,998990
16.05059345203906ms,998990
16.064171009764504ms,998990
16.077748567489948ms,998990
16.091326125215392ms,998990
16.10490368294084ms,998990
16.118481240666284ms,998990
16.13205879839173ms,998990
16.145636356117176ms,998990
16.15921391384262ms,998990
16.172791471568065ms,998990
16.18636902929351ms,998991
16.199946587018957ms,998991
16.2135241447444ms,998991
16.227101702469845ms,998992
16.24067926019529ms,998992
16.254256817920737ms,998992
16.26783437564618ms,998992
16.281411933371626ms,998992
16.29498949109707ms,998992
16.308567048822518ms,998992
16.322144606547962ms,998992
16.335722164273406ms,998992
16.34929972199885ms,998992
16.362877279724298ms,998992
16.376454837449742ms,998992
16.390032395175187ms,998992
16.40360995290063ms,998992
16.41718751062608ms,998992
16.430765068351523ms,998992
16.444342626076967ms,998992
16.457920183802415ms,998992
16.47149774152786ms,998992
16.485075299253303ms,998992
16.498652856978747ms,998992
16.512230414704195ms,998992
16.52580797242964ms,998992
16.539385530155084ms,998992
16.552963087880528ms,998993
16.566540645605976ms,998993
16.58011820333142ms,998993
16.593695761056864ms,998993
16.60727331878231ms,998994
16.620850876507756ms,998994
16.6344284342332ms,998994
16.648005991958645ms,998994
16.66158354968409ms,998995
16.675161107409536ms,998995
16.68873866513498ms,998995
16.702316222860425ms,998995
16.71589378058587ms,998995
16.729471338311317ms,998995
16.74304889603676ms,998995
16.756626453762205ms,998995
16.770204011487653ms,998995
16.783781569213097ms,998996
16.79735912693854ms,998996
16.810936684663986ms,998997
16.824514242389434ms,998997
16.838091800114878ms,998997
16.851669357840322ms,998997
16.865246915565766ms,998997
16.878824473291214ms,998997
16.89240203101666ms,998997
16.905979588742102ms,998997
16.919557146467547ms,998997
16.933134704192994ms,998997
16.94671226191844ms,998997
16.960289819643883ms,998997
16.973867377369327ms,998998
16.987444935094775ms,998998
17.00102249282022ms,998998
17.014600050545663ms,998998
17.028177608271108ms,998998
17.041755165996555ms,998998
17.055332723722ms,998998
17.068910281447444ms,998998
17.082487839172888ms,998998
17.096065396898336ms,998998
17.10964295462378ms,998998
17.123220512349224ms,998998
17.136798070074672ms,998998
17.150375627800116ms,998999
17.16395318552556ms,998999
17.177530743251005ms,998999
17.191108300976452ms,998999
17.204685858701897ms,998999
17.21826341642734ms,998999
17.231840974152785ms,998999
17.245418531878233ms,998999
17.258996089603677ms,998999
17.27257364732912ms,998999
17.286151205054566ms,998999
17.299728762780013ms,998999
17.313306320505458ms,998999
17.326883878230902ms,998999
17.340461435956346ms,998999
17.354038993681794ms,998999
17.367616551407238ms,999000
17.381194109132682ms,999000
17.394771666858126ms,999000
17.408349224583574ms,999000
17.42192678230902ms,999000
17.435504340034463ms,999000
17.44908189775991ms,999000
17.462659455485355ms,999000
17.4762370132108ms,999001
17.489814570936243ms,999001
17.50339212866169ms,999001
17.516969686387135ms,999001
17.53054724411258ms,999001
17.544124801838024ms,999001
17.55770235956347ms,999001
17.571279917288916ms,999001
17.58485747501436ms,999001
17.598435032739804ms,999001
17.612012590465252ms,999001
17.625590148190696ms,999001
17.63916770591614ms,999001
17.652745263641584ms,999001
17.666322821367032ms,999001
17.679900379092476ms,999001
17.69347793681792ms,999001
17.707055494543365ms,999001
17.720633052268813ms,999001
17.734210609994257ms,999001
17.7477881677197ms,999002
17.76136572544515ms,999002
17.774943283170593ms,999002
17.788520840896037ms,999002
17.80209839862148ms,999002
17.81567595634693ms,999002
17.829253514072374ms,999002
17.842831071797818ms,999002
17.856408629523262ms,999002
17.86998618724871ms,999002
17.883563744974154ms,999002
17.8971413026996ms,999002
17.910718860425042ms,999002
17.92429641815049ms,999002
17.937873975875934ms,999002
17.95145153360138ms,999002
17.965029091326823ms,999002
17.97860664905227ms,999002
17.992184206777715ms,999003
18.00576176450316ms,999003
18.019339322228603ms,999003
18.03291687995405ms,999003
18.046494437679495ms,999003
18.06007199540494ms,999003
18.073649553130384ms,999003
18.08722711085583ms,999003
18.100804668581276ms,999003
18.11438222630672ms,999003
18.127959784032168ms,999003
18.141537341757612ms,999003
18.155114899483056ms,999004
18.1686924572085ms,999004
18.18227001493395ms,999004
18.195847572659392ms,999004
18.209425130384837ms,999004
18.22300268811028ms,999004
18.23658024583573ms,999004
18.250157803561173ms,999004
18.263735361286617ms,999004
18.27731291901206ms,999004
18.29089047673751ms,999004
18.304468034462953ms,999004
18.318045592188398ms,999004
18.331623149913842ms,999004
18.34520070763929ms,999004
18.358778265364734ms,999004
18.372355823090178ms,999004
18.385933380815622ms,999004
18.39951093854107ms,999004
18.413088496266514ms,999004
18.42666605399196ms,999004
18.440243611717406ms,999004
18.45382116944285ms,999005
18.467398727168295ms,999005
18.48097628489374ms,999005
18.494553842619187ms,999005
18.50813140034463ms,999005
18.521708958070075ms,999005
18.53528651579552ms,999005
18.548864073520967ms,999005
18.56244163124641ms,999005
18.576019188971856ms,999005
18.5895967466973ms,999005
18.603174304422748ms,999005
18.61675186214819ms,999005
18.630329419873636ms,999005
18.64390697759908ms,999005
18.657484535324528ms,999005
18.671062093049972ms,999005
18.684639650775416ms,999005
18.69821720850086ms,999005
18.71179476622631ms,999005
18.725372323951753ms,999005
18.738949881677197ms,999005
18.752527439402645ms,999005
18.76610499712809ms,999005
18.779682554853533ms,999005
18.793260112578977ms,999005
18.806837670304425ms,999005
18.82041522802987ms,999005
18.833992785755314ms,999005
18.847570343480758ms,999005
18.861147901206206ms,999005
18.87472545893165ms,999005
18.888303016657094ms,999005
18.901880574382538ms,999005
18.915458132107986ms,999005
18.92903568983343ms,999005
18.942613247558874ms,999005
18.95619080528432ms,999005
18.969768363009766ms,999005
18.98334592073521ms,999005
18.996923478460655ms,999005
19.0105010361861ms,999005
19.024078593911547ms,999005
19.03765615163699ms,999005
19.051233709362435ms,999005
19.06481126708788ms,999005
19.078388824813327ms,999005
19.09196638253877ms,999005
19.105543940264216ms,999005
19.119121497989664ms,999005
19.132699055715108ms,999005
19.146276613440552ms,999005
19.159854171165996ms,999005
19.173431728891444ms,999005
19.187009286616888ms,999005
19.200586844342332ms,999005
19.214164402067777ms,999005
19.227741959793224ms,999005
19.24131951751867ms,999005
19.254897075244113ms,999005
19.268474632969557ms,999005
19.282052190695005ms,999005
19.29562974842045ms,999005
19.309207306145893ms,999005
19.322784863871338ms,999005
19.336362421596785ms,999005
19.34993997932223ms,999005
19.363517537047674ms,999005
19.377095094773118ms,999006
19.390672652498566ms,999006
19.40425021022401ms,999006
19.417827767949454ms,999006
19.431405325674902ms,999006
19.444982883400346ms,999006
19.45856044112579ms,999006
19.472137998851235ms,999006
19.485715556576682ms,999006
19.499293114302127ms,999006
19.51287067202757ms,999006
19.526448229753015ms,999006
19.540025787478463ms,999006
19.553603345203907ms,999006
19.56718090292935ms,999006
19.580758460654796ms,999006
19.594336018380243ms,999006
19.607913576105688ms,999006
19.62149113383113ms,999006
19.635068691556576ms,999007
19.648646249282024ms,999007
19.662223807007468ms,999007
19.675801364732912ms,999007
19.689378922458356ms,999007
19.702956480183804ms,999007
19.71653403790925ms,999007
19.730111595634693ms,999007
19.74368915336014ms,999007
19.757266711085585ms,999007
19.77084426881103ms,999007
19.784421826536473ms,999007
19.79799938426192ms,999007
19.811576941987365ms,999007
19.82515449971281ms,999007
19.838732057438254ms,999007
19.8523096151637ms,999007
19.865887172889146ms,999007
19.87946473061459ms,999007
19.893042288340034ms,999007
19.90661984606548ms,999007
19.920197403790926ms,999007
19.93377496151637ms,999007
19.947352519241814ms,999007
19.960930076967262ms,999007
19.974507634692706ms,999007
19.98808519241815ms,999007
20.001662750143595ms,999007
20.015240307869043ms,999007
20.028817865594487ms,999008
20.04239542331993ms,999008
20.055972981045375ms,999008
20.069550538770823ms,999008
20.083128096496267ms,999008
20.09670565422171ms,999008
20.11028321194716ms,999008
20.123860769672604ms,999008
20.137438327398048ms,999008
20.151015885123492ms,999008
20.16459344284894ms,999008
20.178171000574384ms,999008
20.191748558299828ms,999008
20.205326116025272ms,999008
20.218903673750717ms,999008
20.232481231476164ms,999008
20.24605878920161ms,999008
20.259636346927053ms,999008
20.273213904652497ms,999008
20.286791462377945ms,999008
20.30036902010339ms,999008
20.313946577828833ms,999008
20.327524135554278ms,999008
20.341101693279725ms,999008
20.35467925100517ms,999008
20.368256808730614ms,999008
20.381834366456058ms,999008
20.395411924181506ms,999008
20.40898948190695ms,999008
20.422567039632394ms,999008
20.436144597357842ms,999008
20.449722155083286ms,999008
20.46329971280873ms,999008
20.476877270534175ms,999008
20.490454828259622ms,999008
20.504032385985067ms,999008
20.51760994371051ms,999008
20.531187501435955ms,999008
20.544765059161403ms,999008
20.558342616886847ms,999008
20.57192017461229ms,999008
20.585497732337735ms,999008
20.599075290063183ms,999008
20.612652847788627ms,999008
20.62623040551407ms,999008
20.639807963239516ms,999008
20.653385520964964ms,999008
20.666963078690408ms,999008
20.680540636415852ms,999008
20.694118194141296ms,999008
20.707695751866744ms,999008
20.72127330959219ms,999008
20.734850867317633ms,999008
20.74842842504308ms,999008
20.762005982768525ms,999008
20.77558354049397ms,999008
20.789161098219413ms,999008
20.80273865594486ms,999008
20.816316213670305ms,999008
20.82989377139575ms,999008
20.843471329121193ms,999008
20.85704888684664ms,999008
20.870626444572085ms,999008
20.88420400229753ms,999008
20.897781560022974ms,999008
20.91135911774842ms,999008
20.924936675473866ms,999008
20.93851423319931ms,999008
20.952091790924754ms,999008
20.965669348650202ms,999008
20.979246906375646ms,999008
20.99282446410109ms,999008
21.006402021826535ms,999008
21.019979579551983ms,999008
21.033557137277427ms,999008
21.04713469500287ms,999008
21.060712252728315ms,999008
21.074289810453763ms,999008
21.087867368179207ms,999008
21.10144492590465ms,999008
21.1150224836301ms,999008
21.128600041355543ms,999008
21.142177599080988ms,999008
21.155755156806432ms,999008
21.16933271453188ms,999008
21.182910272257324ms,999008
21.196487829982768ms,999008
21.210065387708212ms,999008
21.22364294543366ms,999008
21.237220503159104ms,999008
21.25079806088455ms,999008
21.264375618609993ms,999008
21.27795317633544ms,999008
21.291530734060885ms,999008
21.30510829178633ms,999008
21.318685849511773ms,999008
21.33226340723722ms,999008
21.345840964962665ms,999008
21.35941852268811ms,999008
21.372996080413554ms,999008
21.386573638139ms,999008
21.400151195864446ms,999008
21.41372875358989ms,999008
21.427306311315338ms,999008
21.440883869040782ms,999008
21.454461426766226ms,999008
21.46803898449167ms,999008
21.481616542217118ms,999008
21.495194099942562ms,999008
21.508771657668007ms,999008
21.52234921539345ms,999008
21.5359267731189ms,999008
21.549504330844343ms,999008
21.563081888569787ms,999008
21.57665944629523ms,999008
21.59023700402068ms,999008
21.603814561746123ms,999008
21.617392119471567ms,999008
21.63096967719701ms,999008
21.64454723492246ms,999008
21.658124792647904ms,999008
21.671702350373348ms,999008
21.685279908098792ms,999008
21.69885746582424ms,999008
21.712435023549684ms,999008
21.72601258127513ms,999008
21.739590139000576ms,999008
21.75316769672602ms,999008
21.766745254451465ms,999008
21.78032281217691ms,999008
21.793900369902357ms,999008
21.8074779276278ms,999008
21.821055485353245ms,999008
21.83463304307869ms,999008
21.848210600804137ms,999008
21.86178815852958ms,999008
21.875365716255025ms,999008
21.88894327398047ms,999008
21.902520831705917ms,999008
21.91609838943136ms,999008
21.929675947156806ms,999008
21.94325350488225ms,999008
21.956831062607698ms,999008
21.970408620333142ms,999008
21.983986178058586ms,999008
21.99756373578403ms,999008
22.01114129350948ms,999008
22.024718851234923ms,999009
22.038296408960367ms,999009
22.05187396668581ms,999009
22.06545152441126ms,999009
22.079029082136703ms,999009
22.092606639862147ms,999009
22.106184197587595ms,999009
22.11976175531304ms,999009
22.133339313038483ms,999009
22.146916870763928ms,999009
22.160494428489375ms,999009
22.17407198621482ms,999009
22.187649543940264ms,999009
22.201227101665708ms,999009
22.214804659391156ms,999009
22.2283822171166ms,999009
22.241959774842044ms,999009
22.25553733256749ms,999009
22.269114890292936ms,999009
22.28269244801838ms,999009
22.296270005743825ms,999009
22.30984756346927ms,999009
22.323425121194717ms,999009
22.33700267892016ms,999009
22.350580236645605ms,999009
22.36415779437105ms,999009
22.377735352096497ms,999009
22.39131290982194ms,999009
22.404890467547386ms,999009
22.418468025272833ms,999009
22.432045582998278ms,999009
22.445623140723722ms,999009
22.459200698449166ms,999009
22.472778256174614ms,999009
22.486355813900058ms,999009
22.499933371625502ms,999009
22.513510929350947ms,999009
22.527088487076394ms,999009
22.54066604480184ms,999009
22.554243602527283ms,999009
22.567821160252727ms,999009
22.581398717978175ms,999009
22.59497627570362ms,999009
22.608553833429063ms,999009
22.622131391154507ms,999009
22.635708948879955ms,999009
22.6492865066054ms,999009
22.662864064330844ms,999009
22.676441622056288ms,999009
22.690019179781736ms,999009
22.70359673750718ms,999009
22.717174295232624ms,999009
22.730751852958072ms,999009
22.744329410683516ms,999009
22.75790696840896ms,999009
22.771484526134405ms,999009
22.785062083859852ms,999009
22.798639641585297ms,999010
22.81221719931074ms,999010
22.825794757036185ms,999010
22.839372314761633ms,999010
22.852949872487077ms,999010
22.86652743021252ms,999010
22.880104987937965ms,999010
22.893682545663413ms,999010
22.907260103388857ms,999010
22.9208376611143ms,999010
22.934415218839746ms,999010
22.947992776565194ms,999010
22.961570334290638ms,999010
22.975147892016082ms,999010
22.988725449741526ms,999010
23.002303007466974ms,999010
23.01588056519242ms,999010
23.029458122917863ms,999010
23.043035680643307ms,999010
23.056613238368755ms,999010
23.0701907960942ms,999010
23.083768353819643ms,999010
23.09734591154509ms,999010
23.110923469270535ms,999010
23.12450102699598ms,999010
23.138078584721423ms,999010
23.15165614244687ms,999010
23.165233700172315ms,999010
23.17881125789776ms,999010
23.192388815623204ms,999010
23.20596637334865ms,999010
23.219543931074096ms,999010
23.23312148879954ms,999010
23.246699046524984ms,999010
23.260276604250432ms,999010
23.273854161975876ms,999010
23.28743171970132ms,999010
23.301009277426765ms,999010
23.314586835152213ms,999010
23.328164392877657ms,999010
23.3417419506031ms,999010
23.355319508328545ms,999010
23.368897066053993ms,999010
23.382474623779437ms,999010
23.39605218150488ms,999010
23.40962973923033ms,999010
23.423207296955773ms,999010
23.436784854681218ms,999010
23.450362412406662ms,999010
23.46393997013211ms,999010
23.477517527857554ms,999010
23.491095085582998ms,999010
23.504672643308442ms,999010
23.51825020103389ms,999010
23.531827758759334ms,999010
23.54540531648478ms,999010
23.558982874210223ms,999010
23.57256043193567ms,999010
23.586137989661115ms,999010
23.59971554738656ms,999010
23.613293105112003ms,999010
23.62687066283745ms,999010
23.640448220562895ms,999010
23.65402577828834ms,999010
23.667603336013784ms,999010
23.68118089373923ms,999010
23.694758451464676ms,999010
23.70833600919012ms,999010
23.721913566915568ms,999010
23.735491124641012ms,999010
23.749068682366456ms,999010
23.7626462400919ms,999010
23.776223797817348ms,999010
23.789801355542792ms,999010
23.803378913268237ms,999010
23.81695647099368ms,999010
23.83053402871913ms,999010
23.844111586444573ms,999010
23.857689144170017ms,999010
23.87126670189546ms,999010
23.88484425962091ms,999010
23.898421817346353ms,999010
23.911999375071797ms,999010
23.92557693279724ms,999010
23.93915449052269ms,999010
23.952732048248134ms,999010
23.966309605973578ms,999010
23.979887163699022ms,999010
23.99346472142447ms,999010
24.007042279149914ms,999010
24.02061983687536ms,999010
24.034197394600803ms,999010
24.04777495232625ms,999010
24.061352510051695ms,999010
24.07493006777714ms,999010
24.088507625502587ms,999010
24.10208518322803ms,999010
24.115662740953475ms,999010
24.12924029867892ms,999010
24.142817856404367ms,999010
24.15639541412981ms,999010
24.169972971855255ms,999010
24.1835505295807ms,999010
24.197128087306147ms,999010
24.21070564503159ms,999010
24.224283202757036ms,999010
24.23786076048248ms,999010
24.251438318207928ms,999010
24.265015875933372ms,999010
24.278593433658816ms,999010
24.29217099138426ms,999010
24.30574854910971ms,999010
24.319326106835153ms,999010
24.332903664560597ms,999010
24.34648122228604ms,999010
24.36005878001149ms,999010
24.373636337736933ms,999010
24.387213895462377ms,999010
24.400791453187825ms,999010
24.41436901091327ms,999010
24.427946568638713ms,999010
24.441524126364158ms,999010
24.455101684089605ms,999010
24.46867924181505ms,999010
24.482256799540494ms,999010
24.495834357265938ms,999010
24.509411914991386ms,999010
24.52298947271683ms,999010
24.536567030442274ms,999010
24.55014458816772ms,999010
24.563722145893166ms,999010
24.57729970361861ms,999010
24.590877261344055ms,999010
24.6044548190695ms,999010
24.618032376794947ms,999010
24.63160993452039ms,999010
24.645187492245835ms,999010
24.65876504997128ms,999010
24.672342607696727ms,999010
24.68592016542217ms,999010
24.699497723147616ms,999010
24.713075280873063ms,999010
24.726652838598508ms,999010
24.740230396323952ms,999010
24.753807954049396ms,999010
24.767385511774844ms,999010
24.780963069500288ms,999010
24.794540627225732ms,999010
24.808118184951176ms,999010
24.821695742676624ms,999010
24.83527330040207ms,999010
24.848850858127513ms,999011
24.862428415852957ms,999011
24.876005973578405ms,999011
24.88958353130385ms,999011
24.903161089029293ms,999011
24.916738646754737ms,999011
24.930316204480185ms,999011
24.94389376220563ms,999011
24.957471319931074ms,999011
24.971048877656518ms,999011
24.984626435381966ms,999011
24.99820399310741ms,999011
25.011781550832854ms,999011
25.0253591085583ms,999011
25.038936666283746ms,999011
25.05251422400919ms,999011
25.066091781734634ms,999011
25.079669339460082ms,999011
25.093246897185526ms,999011
25.10682445491097ms,999011
25.120402012636415ms,999011
25.133979570361863ms,999011
25.147557128087307ms,999011
25.16113468581275ms,999011
25.174712243538195ms,999011
25.188289801263643ms,999011
25.201867358989087ms,999011
25.21544491671453ms,999011
25.229022474439976ms,999011
25.242600032165424ms,999011
25.256177589890868ms,999011
25.269755147616312ms,999011
25.283332705341756ms,999011
25.296910263067204ms,999011
25.31048782079265ms,999011
25.324065378518092ms,999011
25.337642936243537ms,999011
25.351220493968984ms,999011
25.36479805169443ms,999011
25.378375609419873ms,999011
25.39195316714532ms,999011
25.405530724870765ms,999011
25.41910828259621ms,999011
25.432685840321653ms,999011
25.4462633980471ms,999011
25.459840955772545ms,999011
25.47341851349799ms,999011
25.486996071223434ms,999011
25.50057362894888ms,999011
25.514151186674326ms,999011
25.52772874439977ms,999011
25.541306302125214ms,999011
25.554883859850662ms,999011
25.568461417576106ms,999011
25.58203897530155ms,999011
25.595616533026995ms,999011
25.609194090752442ms,999011
25.622771648477887ms,999011
25.63634920620333ms,999011
25.649926763928775ms,999011
25.663504321654223ms,999011
25.677081879379667ms,999011
25.69065943710511ms,999011
25.70423699483056ms,999011
25.717814552556003ms,999011
25.731392110281448ms,999011
25.744969668006892ms,999011
25.75854722573234ms,999011
25.772124783457784ms,999011
25.785702341183228ms,999011
25.799279898908672ms,999011
25.81285745663412ms,999011
25.826435014359564ms,999011
25.84001257208501ms,999011
25.853590129810453ms,999011
25.8671676875359ms,999011
25.880745245261345ms,999011
25.89432280298679ms,999011
25.907900360712233ms,999011
25.92147791843768ms,999011
25.935055476163125ms,999011
25.94863303388857ms,999011
25.962210591614014ms,999011
25.97578814933946ms,999011
25.989365707064906ms,999011
26.00294326479035ms,999011
26.016520822515794ms,999011
26.030098380241242ms,999011
26.043675937966686ms,999011
26.05725349569213ms,999011
26.070831053417578ms,999011
26.084408611143022ms,999011
26.097986168868466ms,999011
26.11156372659391ms,999011
26.12514128431936ms,999011
26.138718842044803ms,999011
26.152296399770247ms,999011
26.16587395749569ms,999011
26.17945151522114ms,999011
26.193029072946583ms,999011
26.206606630672027ms,999011
26.22018418839747ms,999011
26.23376174612292ms,999011
26.247339303848364ms,999011
26.260916861573808ms,999011
26.274494419299252ms,999011
26.2880719770247ms,999011
26.301649534750144ms,999011
26.315227092475588ms,999011
26.328804650201032ms,999011
26.34238220792648ms,999011
26.355959765651924ms,999011
26.36953732337737ms,999011
26.383114881102816ms,999011
26.39669243882826ms,999011
26.410269996553705ms,999011
26.42384755427915ms,999011
26.437425112004597ms,999011
26.45100266973004ms,999011
26.464580227455485ms,999011
26.47815778518093ms,999011
26.491735342906377ms,999011
26.50531290063182ms,999011
26.518890458357266ms,999011
26.53246801608271ms,999011
26.546045573808158ms,999011
26.559623131533602ms,999011
26.573200689259046ms,999011
26.58677824698449ms,999011
26.600355804709938ms,999011
26.613933362435382ms,999011
26.627510920160827ms,999011
26.64108847788627ms,999011
26.65466603561172ms,999011
26.668243593337163ms,999011
26.681821151062607ms,999011
26.695398708788055ms,999011
26.7089762665135ms,999011
26.722553824238943ms,999011
26.736131381964388ms,999011
26.749708939689835ms,999011
26.76328649741528ms,999011
26.776864055140724ms,999011
26.790441612866168ms,999011
26.804019170591616ms,999011
26.81759672831706ms,999011
26.831174286042504ms,999011
26.84475184376795ms,999011
26.858329401493396ms,999011
26.87190695921884ms,999011
26.885484516944285ms,999011
26.89906207466973ms,999011
26.912639632395177ms,999011
26.92621719012062ms,999011
26.939794747846065ms,999011
26.95337230557151ms,999011
26.966949863296957ms,999011
26.9805274210224ms,999011
26.994104978747846ms,999011
27.00768253647329ms,999011
27.021260094198738ms,999011
27.03483765192418ms,999011
27.048415209649626ms,999011
27.061992767375074ms,999011
27.075570325100518ms,999011
27.089147882825962ms,999011
27.102725440551406ms,999011
27.116302998276854ms,999011
27.1298805560023ms,999011
27.143458113727743ms,999011
27.157035671453187ms,999011
27.170613229178635ms,999011
27.18419078690408ms,999011
27.197768344629523ms,999011
27.211345902354967ms,999011
27.224923460080415ms,999011
27.23850101780586ms,999012
27.252078575531304ms,999012
27.265656133256748ms,999012
27.279233690982196ms,999012
27.29281124870764ms,999012
27.306388806433084ms,999012
27.319966364158528ms,999012
27.333543921883976ms,999012
27.34712147960942ms,999012
27.360699037334864ms,999012
27.374276595060312ms,999012
27.387854152785756ms,999012
27.4014317105112ms,999012
27.415009268236645ms,999012
27.428586825962093ms,999012
27.442164383687537ms,999012
27.45574194141298ms,999012
27.469319499138425ms,999012
27.482897056863873ms,999012
27.496474614589317ms,999012
27.51005217231476ms,999012
27.523629730040206ms,999012
27.537207287765654ms,999012
27.550784845491098ms,999012
27.564362403216542ms,999012
27.577939960941986ms,999012
27.591517518667434ms,999012
27.605095076392878ms,999012
27.618672634118322ms,999012
27.632250191843767ms,999012
27.645827749569214ms,999012
27.65940530729466ms,999012
27.672982865020103ms,999012
27.686560422745547ms,999012
27.700137980470995ms,999012
27.71371553819644ms,999012
27.727293095921883ms,999012
27.74087065364733ms,999012
27.754448211372775ms,999012
27.76802576909822ms,999012
27.781603326823664ms,999012
27.79518088454911ms,999012
27.808758442274556ms,999013
27.822336ms,999013
